name,citycode,dongcode,lng,lat
낙성대시장,11620,11620585,126.9561453,37.47818636
봉천제일종합시장,11620,11620595,126.9451314,37.48114608
도곡시장,11680,11680650,127.0514654,37.49749189
강남개포시장,11680,11680670,127.068579,37.48922096
화곡본동시장,11500,11500590,126.84388,37.54336006
까치산시장,11500,11500593,126.8471834,37.53260645
송화골목시장,11500,11500611,126.8355499,37.5493494
중부시장,11620,11620575,126.9561869,37.48444839
방신전통시장,11500,11500630,126.8124997,37.57141647
공항시장,11500,11500640,126.8082778,37.5624538
독산동 우시장,11545,11545610,126.8965687,37.46689561
남문시장,11545,11545630,126.9011039,37.47366608
푸른터시장,11545,11545630,126.9014147,37.47806327
대명시장,11545,11545670,126.9022598,37.45414213
현대시장,11545,11545670,126.902855,37.45710695
박미시장,11545,11545690,126.9051143,37.44018775
은행나무시장,11545,11545710,126.9095531,37.45130975
강남시장_강남,11680,11680510,127.0206893,37.51878302
녹번시장,11380,11380580,126.9311147,37.60101675
신응암시장,11380,11380590,126.9185975,37.59424233
대림골목시장,11380,11380600,126.9172919,37.58709656
새마을시장,11710,11710650,127.0848727,37.50905053
노량진중앙시장,11590,11590510,126.9446676,37.5121495
본동인정시장,11590,11590510,126.9506286,37.51178273
신노량진시장,11590,11590520,126.9396938,37.50849799
강남시장_동작,11590,11590530,126.9533864,37.49692627
상도전통시장,11590,11590530,126.9521184,37.49916026
영도시장,11590,11590540,126.9404888,37.5042907
성대시장,11590,11590550,126.9313096,37.49976268
증산종합시장,11380,11380640,126.9052407,37.58168154
수일시장,11380,11380650,126.8951401,37.58309657
관악신사시장,11620,11620685,126.9168492,37.48619323
신림종합시장,11620,11620685,126.9170657,37.48465266
강남골목시장,11620,11620725,126.9048232,37.48267022
신림중앙시장,11620,11620725,126.911561,37.48327012
삼성동시장,11620,11620745,126.9323535,37.47079586
신신림시장,11620,11620745,126.932071,37.47072362
미성동도깨비시장,11620,11620765,126.9165233,37.47426364
우림시장,11620,11620775,126.9203826,37.47022077
영진시장A동,11560,11560680,126.9157478,37.50035628
우리시장,11560,11560700,126.9047825,37.49688808
대림중앙시장,11560,11560710,126.8993625,37.49085586
구로시장,11530,11530550,126.8853553,37.48899603
남구로시장,11530,11530550,126.886326,37.49011422
가리봉시장,11530,11530595,126.8893464,37.48157553
고척근린시장,11530,11530730,126.8504797,37.50227391
개봉중앙시장,11530,11530750,126.8538241,37.49229495
오류시장,11530,11530770,126.8432085,37.49655211
풍납시장,11710,11710510,127.1195047,37.53731204
마천시장,11710,11710550,127.1508126,37.49816368
방이시장,11710,11710562,127.1155043,37.51114191
석촌시장,11710,11710600,127.1067567,37.50010382
목4동시장,11470,11470540,126.8663622,37.53798165
신영시장,11470,11470560,126.8358121,37.53298763
월정로시장,11470,11470560,126.8341038,37.53295821
상도4동도깨비골목시장,11590,11590560,126.9373922,37.50161312
흑석시장,11590,11590605,126.9633441,37.50729135
남성사계시장,11590,11590630,126.9808343,37.48823018
사당시장,11590,11590650,126.9751372,37.48300327
남부종합시장,11650,11650590,126.9848923,37.49477208
양재시장,11650,11650651,127.0383066,37.48407188
등마루시장,11500,11500520,126.8601607,37.55670622
신월중앙시장,11500,11500535,126.8443457,37.55884882
종로?청계 관광특구,11110,11110615,126.9973739,37.56999761
남성역골목시장,11590,11590650,126.9724574,37.48348922
잠실 관광특구,11710,11710566,127.1152749,37.51647607
강남 마이스 관광특구,11680,11680580,127.0600594,37.51100291
이태원 관광특구,11170,11170650,126.9943769,37.53443511
명동 남대문 북창동 다동 무교동 관광특구,11140,11140520,126.9818562,37.56414878
동대문패션타운 관광특구,11140,11140590,127.0110248,37.56731216
삼양로93길,11305,11305660,127.015726,37.63864303
덕릉로60길,11320,11320513,127.0413079,37.63674478
도당로13가길,11320,11320700,127.0371762,37.66671284
도당로13바길,11320,11320700,127.035159,37.66736217
도당로19길,11320,11320690,127.0396031,37.66925282
도당로29길,11320,11320690,127.0423913,37.6690266
도봉로156길,11320,11320522,127.0454201,37.6730979
도봉로169나길,11320,11320521,127.043507,37.67747739
도봉로181길,11320,11320521,127.0437378,37.68449592
도봉산4길,11320,11320521,127.0421759,37.68912751
도봉산길,11320,11320521,127.0425375,37.68695603
명동길,11140,11140550,126.98661,37.56426654
삼일대로4길,11140,11140605,126.9895417,37.56298743
독산로50길,11545,11545700,126.909822,37.4626537
청림3길,11620,11620545,126.9590106,37.48976535
행운1길,11620,11620575,126.9565615,37.48185362
목동중앙북로16길,11470,11470520,126.8737171,37.5444409
목동중앙북로8길,11470,11470530,126.8645699,37.54677336
오패산로4길,11290,11290725,127.0396137,37.60384129
노해로17길,11305,11305630,127.020451,37.64044428
노해로23길,11305,11305620,127.0216193,37.6446877
성덕정17길,11200,11200670,127.0573305,37.53661076
성덕정길,11200,11200650,127.0480315,37.53898454
성수이로18길,11200,11200690,127.0598692,37.54190738
목동로9길,11470,11470650,126.8630624,37.5233276
목동중앙남로3가길,11470,11470540,126.8646295,37.53880859
목동중앙로13나길,11470,11470520,126.8808109,37.54515105
목동중앙로3길,11470,11470540,126.8684903,37.53741641
사당로29길,11590,11590640,126.9777595,37.48569781
원신길,11620,11620745,126.9302324,37.46637968
소담길,11620,11620595,126.9429066,37.47784733
금하로24길,11545,11545710,126.9084155,37.44816433
남부순환로112길,11545,11545510,126.8935918,37.47763301
독산로108길,11545,11545630,126.9073935,37.47961784
독산로40길,11545,11545700,126.906671,37.46050684
답십리로23길,11230,11230560,127.0509436,37.5782758
답십리로56길,11230,11230610,127.0584993,37.56996512
답십리로60길,11230,11230610,127.0630605,37.56920594
답십리로63길,11230,11230660,127.0687486,37.57544666
장한로26가길,11230,11230660,127.0703948,37.56850803
장한로26길,11230,11230650,127.0745855,37.57104626
장한로27가길,11230,11230660,127.0707068,37.57522025
장한로27길,11230,11230660,127.0694258,37.57332893
면목로17길,11215,11215760,127.0812849,37.56939302
아차산로40길,11215,11215820,127.0779903,37.53618446
여의대방로22길,11590,11590680,126.9245269,37.49708255
여의대방로22나길,11590,11590680,126.9220621,37.49663945
여의대방로22카길,11590,11590680,126.9266199,37.49618286
여의대방로24길,11590,11590660,126.9235075,37.49869469
구로중앙로19길,11530,11530530,126.888661,37.49390968
서초대로4길,11650,11650610,126.9853468,37.48346449
서초대로64길,11650,11650510,127.0210102,37.49341066
답십리로68길,11230,11230650,127.0682112,37.56959951
답십리로69길,11230,11230660,127.0730734,37.57591258
답십리로72길,11230,11230650,127.0720812,37.56837186
망우로18가길,11230,11230730,127.0603807,37.58686682
망우로18길,11230,11230730,127.0616389,37.58862311
망우로21길,11230,11230720,127.0612328,37.59044333
무학로45길,11230,11230536,127.0283254,37.58021152
사가정로13길,11230,11230570,127.0590497,37.57883965
사가정로23가길,11230,11230660,127.071051,37.5800674
사가정로2길,11230,11230600,127.0530427,37.56906671
서울시립대로16길,11230,11230560,127.0537967,37.57870701
서울시립대로29길,11230,11230560,127.0546963,37.58588751
한천로124나길,11305,11305590,127.0309872,37.63809942
겸재로29길,11260,11260565,127.0862208,37.58958078
겸재로36길,11260,11260565,127.0861949,37.58672466
겸재로54길,11260,11260565,127.0913583,37.58713523
삼양로24길,11305,11305555,127.0234463,37.61738748
동일로130길,11260,11260600,127.082326,37.59992695
동일로139가길,11260,11260610,127.0779827,37.6048493
동일로139길,11260,11260610,127.0761687,37.60286831
구로중앙로28길,11530,11530560,126.8879169,37.49999978
구로중앙로34길,11530,11530560,126.8862634,37.50158397
왕십리로31길,11200,11200520,127.0282059,37.56372334
왕십리로6길,11200,11200660,127.0467348,37.546148
용답29길,11200,11200790,127.0537528,37.56493982
용답중앙길,11200,11200790,127.0506748,37.56588723
장터길,11200,11200615,127.0186944,37.54828213
무학로16길,11230,11230536,127.0320801,37.57120962
오패산로52길,11305,11305545,127.0323187,37.6257105
공릉로2길,11260,11260620,127.0792357,37.61169599
답십리로75길,11260,11260540,127.0815508,37.57442039
면목로78길,11260,11260565,127.0896764,37.59142524
봉우재로33길,11260,11260590,127.0879476,37.59446289
봉화산로4길,11260,11260610,127.0756559,37.59973319
봉화산로56길,11260,11260680,127.0974735,37.60546551
사가정로42길,11260,11260570,127.082767,37.5789155
사가정로54길,11260,11260570,127.0885182,37.57910054
신내로7가길,11260,11260580,127.0935963,37.60218904
도봉로152가길,11320,11320522,127.0456822,37.67546738
동일로140길,11260,11260600,127.0804174,37.60471252
동일로149길,11260,11260630,127.074791,37.60679751
동일로157길,11260,11260630,127.0770028,37.61005767
가산로3길,11545,11545610,126.8905597,37.47140426
가산로5길,11545,11545510,126.8922528,37.47318982
금하로14길,11545,11545670,126.9043202,37.45152187
금하로1길,11545,11545610,126.8909027,37.45320415
청계천로10나길,11200,11200540,127.0354984,37.570623
한강대로104길,11170,11170530,126.9742435,37.55036211
한강대로15길,11170,11170625,126.9634027,37.52614036
사근동길,11200,11200550,127.0458044,37.56060938
상원12길,11200,11200660,127.0484916,37.55052615
상원길,11200,11200660,127.0497123,37.54830918
서울숲2길,11200,11200660,127.0424692,37.54698754
봉화산로30길,11260,11260600,127.0851008,37.60033042
학동로38길,11680,11680531,127.0342833,37.51282423
개봉로11길,11530,11530760,126.853606,37.48815005
개봉로17길,11530,11530750,126.8529662,37.49153704
토정로37길,11440,11440590,126.9432766,37.54168368
효창원로93길,11440,11440565,126.9608573,37.54779959
동남로65길,11740,11740540,127.1546019,37.54795715
동작대로17길,11590,11590620,126.9794222,37.48342757
동작대로29길,11590,11590630,126.9781544,37.48859012
동작대로33길,11590,11590630,126.9806982,37.4900592
동작대로35길,11590,11590630,126.9793972,37.49215833
동작대로7길,11590,11590620,126.9784513,37.47847185
등용로14길,11590,11590660,126.9339454,37.51169349
강남대로23길,11650,11650651,127.0369231,37.475756
선유서로25길,11560,11560610,126.8837513,37.52438592
곰달래로5길,11470,11470560,126.8317356,37.53456765
남부순환로33길,11470,11470600,126.8308793,37.53799022
남부순환로40길,11470,11470580,126.8274602,37.53397583
남부순환로58길,11470,11470580,126.8304774,37.53059244
남부순환로70길,11470,11470611,126.8346006,37.52317404
남부순환로79길,11470,11470610,126.8416631,37.51616491
삼성로69길,11680,11680630,127.057066,37.50134562
삼성로75길,11680,11680630,127.0560383,37.50316615
선릉로121길,11680,11680531,127.0409459,37.51364202
선릉로132길,11680,11680565,127.0440142,37.51874059
선릉로133길,11680,11680531,127.0381204,37.51812996
선릉로146길,11680,11680565,127.0437675,37.5225249
양천로73가길,11500,11500510,126.874861,37.55061395
남부순환로234길,11620,11620585,126.9577624,37.47743911
마포대로12길,11440,11440555,126.9547016,37.5473559
마포대로20길,11440,11440565,126.9573926,37.55130328
천호대로197길,11740,11740685,127.1474985,37.53808228
천호대로219길,11740,11740520,127.1717108,37.54743796
천호옛14길,11740,11740650,127.1246735,37.53613539
천호옛길,11740,11740650,127.1236063,37.53390203
풍성로37가길,11740,11740650,127.128345,37.53277974
국회단지길,11620,11620605,126.9411909,37.48874869
중앙로32길,11470,11470620,126.8610416,37.52114481
강서로5나길,11500,11500540,126.8421007,37.52854526
강서로5라길,11500,11500550,126.8544069,37.52990356
강서로8길,11500,11500593,126.8502667,37.5296371
개화동로23길,11500,11500640,126.8086872,37.5661035
개화동로25길,11500,11500640,126.8083301,37.56412073
곰달래로25길,11500,11500593,126.8487118,37.53210386
영등포로80길,11560,11560630,126.9199989,37.51202725
난향길,11620,11620715,126.9168864,37.46283908
남부순환로142길,11620,11620765,126.9130344,37.48023482
남부순환로151길,11620,11620685,126.9159024,37.48356161
남부순환로161길,11620,11620685,126.9196443,37.48405977
남부순환로172길,11620,11620765,126.9214324,37.48243015
송이로23길,11710,11710632,127.1259416,37.49624664
관악로28길,11620,11620575,126.9585609,37.48498985
관악로30길,11620,11620545,126.9589559,37.48646764
관천로15길,11620,11620685,126.9201722,37.48730376
관천로22길,11620,11620695,126.9246372,37.48863117
개포로17길,11680,11680690,127.0469537,37.48022145
개포로20길,11680,11680690,127.0474831,37.47706771
사당로16가길,11590,11590650,126.9704903,37.48304725
세무서길,11410,11410640,126.9464665,37.59052816
양재대로62길,11710,11710620,127.1182774,37.4980836
양재대로64길,11710,11710620,127.1220788,37.49913391
양재대로71길,11710,11710561,127.1255472,37.51058205
양재대로72길,11710,11710570,127.1286218,37.50947952
오금로11길,11710,11710562,127.1116272,37.51283051
오금로36길,11710,11710620,127.1250233,37.50164464
독산로78다길,11545,11545640,126.9043416,37.47019085
동남로20길,11710,11710632,127.1350225,37.49639879
마천로51길,11710,11710550,127.1518164,37.49683792
백제고분로21길,11710,11710610,127.0907951,37.50562231
백제고분로22길,11710,11710610,127.0883028,37.50207424
백제고분로31길,11710,11710610,127.095058,37.50487112
백제고분로32길,11710,11710610,127.0944076,37.50033058
송이로32길,11710,11710641,127.1267541,37.4885782
송이로36길,11710,11710641,127.1253896,37.48397551
송파대로30길,11710,11710620,127.1204001,37.49602717
동교로19길,11440,11440660,126.9170071,37.55807532
동교로25길,11440,11440710,126.9196658,37.55895112
동교로27길,11440,11440710,126.9211693,37.56066403
양천로14길,11500,11500640,126.8093424,37.57108706
사당로16길,11590,11590650,126.9720401,37.48083115
사당로20길,11590,11590620,126.9756918,37.48114731
사당로23길,11590,11590640,126.9726476,37.48899443
사당로23나길,11590,11590640,126.9751811,37.4870398
논현로27길,11650,11650651,127.0411417,37.47881804
영동대로112길,11680,11680580,127.0627778,37.51562365
영동대로65길,11680,11680610,127.0623598,37.50267644
일원로3길,11680,11680730,127.0842437,37.49285991
상암로14길,11740,11740610,127.1282464,37.54789861
상암로4길,11740,11740610,127.1257237,37.54837886
상암로51길,11740,11740530,127.1454357,37.54789671
상암로5길,11740,11740580,127.1278021,37.55280052
상일로5길,11740,11740520,127.1708553,37.54939437
성내로5길,11740,11740640,127.1232627,37.53137959
대림로7길,11560,11560710,126.9040347,37.48914783
대림로8길,11560,11560700,126.9059543,37.49125773
화곡로13길,11470,11470600,126.8330551,37.54155226
신촌로12길,11440,11440660,126.9321984,37.55478737
신촌로28가길,11440,11440555,126.9502034,37.5559406
신촌로30길,11440,11440555,126.95241,37.55646409
양화로11길,11440,11440660,126.9157006,37.5523891
가로공원로58길,11470,11470580,126.8254144,37.53308984
곰달래로10길,11470,11470560,126.8380856,37.52803526
곰달래로2길,11470,11470560,126.8350882,37.52778784
양천로24가길,11500,11500630,126.8136294,37.57231925
양천로24길,11500,11500630,126.815276,37.57020451
양천로26길,11500,11500630,126.8224484,37.57198146
양천로49길,11500,11500603,126.8402566,37.57099779
양천로71길,11500,11500510,126.8732381,37.55335125
삼성로64길,11680,11680610,127.0631952,37.50082893
일원로9길,11680,11680730,127.0845238,37.49055313
테헤란로81길,11680,11680580,127.056779,37.51060809
고덕로10길,11740,11740570,127.1294544,37.55280773
고덕로25길,11740,11740590,127.1347782,37.55550477
고덕로61길,11740,11740550,127.1515928,37.55961094
구천면로36길,11740,11740600,127.1339289,37.54257641
구천면로41길,11740,11740610,127.1318095,37.54705676
구천면로42길,11740,11740600,127.1364339,37.54489812
신길로60길,11560,11560515,126.9133356,37.51306771
양평로19길,11560,11560620,126.8949914,37.53579412
양평로22라길,11560,11560620,126.894307,37.53971285
양평로28길,11560,11560620,126.8906947,37.54166474
여의대방로35길,11560,11560680,126.9186869,37.5015837
여의대방로39길,11560,11560690,126.9204379,37.50333285
망원로2길,11440,11440690,126.9028982,37.5547579
매봉산로2길,11440,11440740,126.8956126,37.57711439
효령로23길,11650,11650600,126.9930579,37.48285251
효령로31길,11650,11650600,126.9941318,37.48470865
효령로34길,11650,11650620,127.0000565,37.47996949
효령로72길,11650,11650520,127.0273515,37.48674191
방배중앙로21길,11650,11650590,126.9846215,37.49179873
청두곶길,11650,11650610,126.9856076,37.47945504
서초중앙로8길,11650,11650510,127.0198552,37.48746421
도신로29길,11560,11560585,126.9054111,37.50954771
곰달래로3길,11470,11470560,126.833123,37.53140711
진황도로27길,11740,11740620,127.1337418,37.53915283
시흥대로84길,11545,11545620,126.9022395,37.46109793
시흥대로94길,11545,11545620,126.9001671,37.46405151
논현로10길,11680,11680690,127.0495055,37.47513872
논현로115길,11680,11680521,127.0311709,37.50827502
논현로123길,11680,11680521,127.0284687,37.51072643
마포대로4길,11440,11440585,126.9468663,37.53777501
만리재옛길,11440,11440565,126.9576882,37.5487896
망원로11길,11440,11440700,126.9055744,37.55948129
구암길,11620,11620565,126.9469678,37.49040928
도곡로37길,11680,11680650,127.0431975,37.49522467
도산대로15길,11680,11680510,127.0243775,37.52060235
우장산로6길,11500,11500615,126.8389256,37.55303913
월정로20길,11500,11500540,126.8406957,37.5295615
초록마을로3길,11500,11500590,126.8469403,37.54639142
초록마을로8길,11500,11500590,126.8489545,37.54079881
초원로16길,11500,11500630,126.8149481,37.56549179
도신로15길,11560,11560585,126.8982656,37.5075866
공항대로8길,11500,11500620,126.8121345,37.55908127
도림로6길,11530,11530595,126.8873519,37.48462806
범안로17길,11545,11545610,126.8932996,37.46841542
벚꽃로56길,11545,11545510,126.883295,37.48322756
시흥대로120길,11545,11545640,126.9007375,37.46864715
시흥대로138길,11545,11545630,126.8991157,37.47261923
시흥대로141길,11545,11545610,126.8972697,37.47500532
문성로5길,11545,11545630,126.9055187,37.47803058
범안로11길,11545,11545610,126.8903151,37.46856585
남부순환로248길,11620,11620625,126.9675655,37.47467611
삼성로63길,11680,11680630,127.0578109,37.49934503
모래내로15길,11410,11410690,126.9180773,37.57297854
북아현로4길,11410,11410555,126.9583835,37.56020548
세검정로1길,11410,11410660,126.9446074,37.59355463
세무서2길,11410,11410655,126.9469779,37.58788848
도산대로23길,11680,11680510,127.025769,37.52101651
도산대로30길,11680,11680531,127.0301456,37.51795207
도산대로38길,11680,11680531,127.0321819,37.51842005
도산대로50길,11680,11680531,127.0380195,37.51995002
도산대로81길,11680,11680565,127.0473112,37.52709161
동광로12길,11650,11650621,126.9856737,37.4889787
개포로28길,11680,11680690,127.0496995,37.47786869
개포로82길,11680,11680670,127.0677419,37.48886104
오금로46길,11710,11710632,127.1334458,37.49368855
풍성로25길,11710,11710510,127.1207234,37.53529256
수색로8길,11410,11410710,126.9056088,37.5770237
신촌로37길,11410,11410555,126.9584977,37.55841254
연희로10길,11410,11410615,126.9320762,37.56479737
응암로1길,11410,11410720,126.9098035,37.5813968
증가로10길,11410,11410700,126.9247501,37.57892954
논현로139길,11680,11680521,127.0275886,37.51633989
독산로85길,11545,11545630,126.9024053,37.47264001
중앙로36길,11470,11470620,126.8573568,37.51955465
중앙로45길,11470,11470640,126.8507594,37.52087097
중앙로47길,11470,11470640,126.8507536,37.51806885
중앙로51길,11470,11470570,126.84521,37.52397229
중앙로55길,11470,11470570,126.8457264,37.5258921
동교로38길,11440,11440710,126.9256845,37.56137875
가재울로6길,11410,11410700,126.9231458,37.57572097
독립문로8길,11410,11410520,126.9600436,37.56708066
명지대길,11410,11410700,126.9238518,37.58278522
동남로82길,11740,11740560,127.1626082,37.56101085
동남로85길,11740,11740550,127.154629,37.5610486
명일로13길,11740,11740700,127.1433595,37.53330307
남부순환로365길,11680,11680655,127.039552,37.48721599
곰달래로31길,11500,11500550,126.8515506,37.53261202
곰달래로47길,11500,11500550,126.8553245,37.53514851
곰달래로53길,11500,11500570,126.8574389,37.53586287
곰달래로60길,11500,11500570,126.8623472,37.53089517
개봉로17다길,11530,11530750,126.8528829,37.49362727
개봉로1길,11530,11530760,126.8525419,37.48304902
도림로112길,11560,11560585,126.9025955,37.50905888
논현로106길,11680,11680640,127.0367798,37.50629119
도림로147길,11560,11560605,126.8900545,37.51530084
도림로63길,11560,11560670,126.9029474,37.4993103
도림천로21길,11560,11560710,126.9018319,37.48755124
난우길,11620,11620765,126.9175159,37.47626458
성안로3길,11740,11740640,127.1261855,37.52692556
강남대로34길,11650,11650651,127.0391881,37.48320662
남부순환로88길,11470,11470640,126.8384255,37.51208799
논현로159길,11680,11680510,127.0239709,37.5226387
논현로26길,11680,11680656,127.0453496,37.4824746
논현로28길,11680,11680656,127.0442764,37.48392563
논현로63길,11680,11680640,127.0370104,37.49231651
논현로8길,11680,11680690,127.0518901,37.47397539
공항대로59다길,11500,11500510,126.8692254,37.55059884
공항대로61길,11500,11500510,126.8662578,37.55204612
강동대로53길,11740,11740660,127.1319846,37.52439642
이문로42길,11230,11230750,127.0646272,37.60073985
용마산로100길,11260,11260660,127.0994243,37.59063357
용마산로112길,11260,11260655,127.1044975,37.59919762
용마산로118길,11260,11260655,127.1044321,37.60101767
동일로100길,11260,11260520,127.0831529,37.58995239
창경궁로43길,11290,11290525,127.0036458,37.58883737
대흥로28길,11440,11440610,126.9470125,37.5551193
성균관로5길,11110,11110650,126.9968526,37.58418826
숭인동길,11110,11110710,127.0221997,37.57689717
옥인길,11110,11110515,126.9664781,37.58069669
율곡로10길,11110,11110615,126.9911248,37.576061
율곡로16길,11110,11110630,127.0040413,37.57502512
이화장길,11110,11110640,127.0048453,37.57785421
퇴계로12길,11140,11140540,126.9820957,37.55650836
퇴계로18길,11140,11140550,126.9849137,37.55685114
퇴계로46길,11140,11140580,127.0008941,37.56122193
뚝섬로24길,11215,11215847,127.0628279,37.53492309
오목로3길,11470,11470590,126.8381738,37.52389979
오목로5길,11470,11470590,126.8406283,37.52405629
은행정로5길,11470,11470620,126.8581569,37.52119544
신목로5길,11470,11470630,126.8725958,37.51848186
상도로61길,11590,11590530,126.9570178,37.4944679
상도로62길,11590,11590530,126.9526065,37.49621416
연서로5길,11380,11380625,126.9144191,37.60421334
은평로10길,11380,11380580,126.9242422,37.59975115
은평로13길,11380,11380510,126.9243753,37.6024542
상도로47길,11590,11590530,126.951607,37.50307943
도봉로109길,11320,11320680,127.0314441,37.6468929
도봉로114길,11320,11320511,127.0363168,37.64759427
서초대로8길,11650,11650610,126.989044,37.48392441
신반포로45길,11650,11650540,127.0165817,37.51231446
언남길,11650,11650652,127.0426992,37.47402412
주흥15길,11650,11650560,127.0185149,37.50881828
주흥길,11650,11650560,127.0197697,37.506061
구로동로7길,11530,11530595,126.8832788,37.4864081
독산로64길,11545,11545620,126.9044605,37.46555074
독산로70길,11545,11545640,126.9032148,37.46736977
신월로20길,11470,11470610,126.8451532,37.51860224
오목로23길,11470,11470650,126.8514501,37.52623281
오목로30길,11470,11470650,126.85373,37.5231272
한천로130길,11305,11305590,127.0320868,37.63949565
한천로132길,11305,11305590,127.0296966,37.64073964
노해로33길,11305,11305620,127.0221185,37.6467869
솔샘로65길,11305,11305555,127.0267096,37.6206844
수유로12길,11305,11305610,127.02131,37.63287585
오패산로30길,11305,11305545,127.0347717,37.61464568
삼양로27길,11305,11305575,127.0181344,37.61887504
삼양로41길,11305,11305534,127.017818,37.6217132
사당로8길,11590,11590651,126.9677655,37.48289337
구로중앙로42길,11530,11530510,126.8779945,37.50969377
구로중앙로7길,11530,11530550,126.8909613,37.49063216
구로중앙로8길,11530,11530550,126.8926996,37.49277815
남부순환로97길,11530,11530750,126.8580949,37.49415623
대방동2길,11590,11590660,126.9278025,37.50109407
사당로2차길,11590,11590651,126.9667011,37.48660523
사당로30길,11590,11590620,126.9807908,37.48153568
구로동로8길,11530,11530550,126.8867028,37.48767285
국사봉1길,11590,11590550,126.9320119,37.4984386
오패산로67길,11305,11305590,127.0257972,37.6355689
인수봉로56길,11305,11305660,127.014989,37.63612037
인수봉로72길,11305,11305660,127.0128716,37.64297711
인수봉로79길,11305,11305660,127.0086566,37.64350908
한천로139가길,11305,11305630,127.0236916,37.6408401
한천로140길,11305,11305630,127.0284622,37.64219052
덕릉로40길,11305,11305600,127.0317333,37.63423399
덕릉로41길,11305,11305590,127.0291741,37.63742414
도봉로13길,11305,11305555,127.0267869,37.6152334
한천로101가길,11290,11290760,127.0490915,37.61964107
한천로76길,11290,11290810,127.0651576,37.61165955
삼양로54길,11305,11305555,127.0222927,37.62328917
삼양로77길,11305,11305610,127.0151348,37.6288584
역말로9길,11380,11380570,126.9216124,37.61299398
한글비석로24길,11350,11350670,127.0720479,37.66287654
한글비석로44길,11350,11350670,127.0700435,37.66472476
삼양로8길,11290,11290685,127.0248249,37.60759345
성북로8길,11290,11290525,127.0057067,37.59124293
서울시립대로4길,11230,11230560,127.0486652,37.57379882
약령시로17길,11230,11230545,127.0425021,37.58500055
왕산로32길,11230,11230536,127.0418179,37.57627017
왕산로33길,11230,11230545,127.0422174,37.58207242
왕산로43길,11230,11230705,127.0484007,37.58498927
한천로109길,11305,11305606,127.0419938,37.62746438
솔매로41길,11305,11305535,127.0226223,37.62682098
솔매로45길,11305,11305535,127.0241408,37.62838839
솔매로50길,11305,11305545,127.0282627,37.62413482
종암로24가길,11290,11290705,127.0355577,37.60017555
종암로5길,11290,11290705,127.0341844,37.59341852
지봉로20길,11290,11290610,127.0192126,37.58309653
화랑로13길,11290,11290725,127.0416529,37.60532722
화랑로19길,11290,11290770,127.0500129,37.60863061
화랑로1길,11290,11290715,127.0336574,37.60484324
장충단로8길,11140,11140580,127.0083869,37.56214966
청구로17길,11140,11140625,127.0117026,37.5586445
청구로1길,11140,11140645,127.0153921,37.55808546
화랑로14길,11290,11290725,127.0422282,37.6013086
가좌로7길,11380,11380600,126.919185,37.58493549
갈현로1길,11380,11380631,126.908287,37.59941547
노해로60길,11320,11320680,127.0340172,37.6490095
노해로63다길,11320,11320515,127.0454881,37.65453767
목동중앙서로7길,11470,11470540,126.8651806,37.5343763
목동중앙서로8가길,11470,11470540,126.865005,37.53137577
신목로2길,11470,11470630,126.875727,37.5197466
왕십리로26길,11200,11200535,127.0326996,37.56424476
마조로16길,11200,11200540,127.044834,37.5655292
마조로1길,11200,11200550,127.0399535,37.56155755
매봉길,11200,11200645,127.0137038,37.54751696
무수막길,11200,11200615,127.0208684,37.55284082
무학로6길,11200,11200535,127.0334926,37.56570415
무학봉28길,11200,11200520,127.0319743,37.56209157
무학봉길,11200,11200520,127.0287707,37.56061476
시흥대로62가길,11545,11545670,126.9041107,37.45627905
시흥대로63길,11545,11545670,126.8982011,37.45512982
신길로17길,11560,11560670,126.9064665,37.49768231
신길로39길,11560,11560650,126.9079809,37.5076306
신길로42가길,11560,11560630,126.9144824,37.50927532
신길로42길,11560,11560660,126.9131056,37.50660734
법원단지9길,11620,11620775,126.922209,37.47497031
봉천로33길,11620,11620605,126.944055,37.48430811
서림7길,11620,11620665,126.9403446,37.47238595
승방길,11620,11620630,126.9799677,37.47314715
선릉로18길,11680,11680670,127.0615524,37.48339531
압구정로2길,11680,11680510,127.0195474,37.5210988
언주로81길,11680,11680650,127.0413563,37.49888341
월드컵로16길,11440,11440660,126.9110209,37.55730511
사평대로26길,11650,11650581,126.999084,37.49957541
사평대로57길,11650,11650560,127.0212177,37.50739424
서초대로15길,11650,11650621,126.9890319,37.4892764
가로공원로76가길,11500,11500540,126.8405738,37.53370594
가로공원로80길,11500,11500540,126.8398552,37.536435
고척로52길,11530,11530720,126.8559888,37.50152391
북촌로11길,11110,11110600,126.9841729,37.58131307
북촌로5길,11110,11110540,126.9816938,37.58034865
능동로13길,11215,11215710,127.0688678,37.54512805
능동로19길,11215,11215710,127.0720714,37.54636952
능동로34길,11215,11215780,127.0827961,37.55408404
동일로123길,11260,11260610,127.0788708,37.59866792
조원중앙로2길,11620,11620725,126.9087926,37.48189848
중앙길,11620,11620615,126.9507818,37.48521212
청룡8길,11620,11620595,126.9430177,37.48044229
법원단지길,11620,11620775,126.9195644,37.47420268
복은길,11620,11620665,126.9391333,37.47443062
동광로39길,11650,11650581,126.9997738,37.49742201
동산로10길,11650,11650652,127.0454554,37.47036499
동산로19길,11650,11650652,127.0463166,37.47369839
방배천로4안길,11650,11650610,126.9834252,37.48106756
마방로2길,11650,11650652,127.0397474,37.47188074
지양로7길,11470,11470611,126.8322292,37.52127859
월드컵로19길,11440,11440690,126.9082716,37.55656419
공항대로55길,11500,11500520,126.8600745,37.55435452
공항대로59길,11500,11500520,126.8641176,37.55278249
시흥대로150길,11545,11545630,126.9011907,37.47647731
시흥대로153길,11545,11545510,126.8948378,37.47594023
시흥대로22길,11545,11545690,126.9051923,37.44103477
시흥대로36길,11545,11545690,126.9051776,37.44371978
신림로65길,11620,11620695,126.926687,37.48531675
북촌로5나길,11110,11110540,126.9830171,37.58579084
삼청로5길,11110,11110540,126.9805717,37.58526789
서달로10길,11590,11590605,126.9630519,37.50353406
서달로14길,11590,11590605,126.9647241,37.50695839
서달로15길,11590,11590605,126.9624161,37.50848939
서달로8가길,11590,11590605,126.961999,37.50569614
도봉로99길,11305,11305630,127.027545,37.64372242
삼각산로28길,11305,11305630,127.0206997,37.638399
동호로20길,11140,11140580,127.0094279,37.55989709
동호로8길,11140,11140635,127.0121998,37.55384214
성수이로7길,11200,11200690,127.0548567,37.54214407
성수일로6길,11200,11200690,127.0531384,37.54449647
답십리로64길,11230,11230650,127.0657437,37.5698622
고산자로6길,11200,11200560,127.0360127,37.55749533
금호산2길,11200,11200615,127.0233232,37.54958775
여의대방로43나길,11560,11560690,126.9206602,37.50700009
신림동길,11620,11620695,126.9261428,37.4869112
양재대로101길,11740,11740660,127.1355639,37.53312306
양재대로116길,11740,11740685,127.1418203,37.53899924
양재대로124길,11740,11740685,127.1446548,37.54198712
양재대로133길,11740,11740600,127.1410906,37.54808219
학동로56길,11680,11680590,127.0427455,37.51558755
양재대로95길,11740,11740660,127.1348012,37.5305741
양재대로96길,11740,11740700,127.1397998,37.52946006
올림픽로48길,11740,11740640,127.1225682,37.52873137
올림픽로71길,11740,11740610,127.1211964,37.5409053
올림픽로77길,11740,11740610,127.1231577,37.54320082
올림픽로78길,11740,11740610,127.126076,37.54254001
올림픽로80길,11740,11740610,127.1292331,37.54259066
삼양로20길,11305,11305555,127.0236039,37.61427003
화랑로32길,11290,11290810,127.0592529,37.60664415
화랑로40길,11290,11290810,127.0629163,37.61306631
상계로12길,11350,11350640,127.0701033,37.65599421
상계로1길,11350,11350640,127.0622293,37.65857544
마장로39길,11200,11200540,127.0443148,37.56805218
천호대로129길,11215,11215860,127.0917014,37.55300527
여의대방로46길,11590,11590660,126.9274867,37.51195099
동일로163길,11260,11260630,127.0749876,37.61079777
망우로68길,11260,11260655,127.1012003,37.59774989
망우로73길,11260,11260655,127.1027239,37.6023166
면목로21길,11260,11260540,127.0823523,37.57245566
면목로33길,11260,11260540,127.0831486,37.57591492
면목로45길,11260,11260575,127.0865286,37.58158875
면목로56길,11260,11260565,127.0904037,37.58423477
양재대로91길,11740,11740660,127.1329305,37.52829669
강서로5가길,11500,11500540,126.8466476,37.5290468
강남대로8길,11650,11650652,127.0430239,37.46852784
부일로1길,11530,11530790,126.8201468,37.49343781
새말로18길,11530,11530560,126.892581,37.50452716
신도림로13길,11530,11530510,126.880109,37.5100293
오류로8길,11530,11530780,126.8448665,37.49319354
올림픽로98길,11740,11740570,127.1311263,37.55109399
중앙로1길,11530,11530720,126.8629275,37.49815339
사당로26길,11590,11590620,126.9780436,37.48097658
시흥대로68길,11545,11545670,126.9011362,37.45773624
조원로10길,11620,11620725,126.9036702,37.48244403
목동동로12길,11470,11470510,126.8734359,37.52339323
목동동로8길,11470,11470630,126.8717274,37.51697625
목동로19길,11470,11470650,126.8614981,37.52504668
능동로3길,11215,11215847,127.0657464,37.53428179
능동로4길,11215,11215840,127.0697611,37.53227025
동일로18길,11215,11215847,127.0650495,37.53946293
동일로24길,11215,11215710,127.0667275,37.54335431
뚝섬로23길,11215,11215840,127.0664165,37.53716462
영신로9길,11560,11560515,126.9070023,37.51246823
강서로15길,11500,11500540,126.8420485,37.53187889
강서로17가길,11500,11500540,126.8436267,37.53460201
강서로18길,11500,11500593,126.8490002,37.53496039
한천로40길,11230,11230660,127.0698939,37.57756332
경희대로3길,11230,11230710,127.0506814,37.5924215
경희대로4길,11230,11230710,127.0539992,37.59260023
난계로30길,11230,11230536,127.025617,37.57270685
창신2길,11110,11110680,127.0100749,37.57374535
우마길,11530,11530595,126.8883493,37.48300719
개봉로3길,11530,11530760,126.8538707,37.48578974
목동남로4길,11470,11470680,126.8666179,37.50873541
양화로1길,11440,11440680,126.909637,37.55055559
양화진길,11440,11440680,126.912583,37.5473953
와우산로29가길,11440,11440660,126.9278079,37.55419912
와우산로29길,11440,11440660,126.9290628,37.55561444
와우산로3길,11440,11440655,126.9208564,37.54613974
영등포로62길,11560,11560515,126.9156624,37.5159526
월드컵로25길,11440,11440700,126.9015364,37.55757689
월드컵로36길,11440,11440730,126.9056783,37.56680647
월드컵로7길,11440,11440680,126.9101663,37.55270938
월드컵로8길,11440,11440660,126.9146807,37.55363174
당산로31길,11560,11560550,126.8949931,37.52652282
당산로37길,11560,11560560,126.897613,37.52995793
조원로18길,11620,11620725,126.9128619,37.48273048
우사단로10길,11170,11170700,127.0006449,37.53179531
우사단로14길,11170,11170685,126.9983708,37.53373245
난계로11길,11140,11140670,127.0223211,37.56669788
난계로21길,11140,11140670,127.0226049,37.56933775
성대로1길,11590,11590560,126.9341129,37.50118786
서초대로23길,11650,11650621,126.9908636,37.49016855
면목로49길,11260,11260575,127.0863489,37.58283226
구로동로15길,11530,11530530,126.882541,37.48820038
구로동로28길,11530,11530530,126.8885173,37.49169307
구로동로38길,11530,11530530,126.8842833,37.49488757
구로동로41길,11530,11530530,126.8813556,37.49420891
구로동로42길,11530,11530530,126.883906,37.49756319
서초대로25길,11650,11650621,126.9930233,37.49006959
양지길,11620,11620745,126.9307707,37.47101119
월드컵로10길,11440,11440660,126.9128904,37.55550451
월드컵로11길,11440,11440690,126.9083308,37.55446491
국회대로7길,11500,11500550,126.8582305,37.53010643
신림로11길,11620,11620735,126.9392637,37.46699735
신림로28길,11620,11620665,126.9356075,37.47278891
신림로38길,11620,11620665,126.938646,37.475881
신림로48길,11620,11620645,126.9338386,37.4789148
관악로10길,11620,11620585,126.9542355,37.47669897
관악로14길,11620,11620585,126.9543813,37.47871729
학동로6길,11680,11680521,127.0265687,37.51103321
학동로77길,11680,11680565,127.0481214,37.52030674
개봉로20길,11530,11530750,126.8597034,37.49271654
개봉로23가길,11530,11530740,126.858974,37.49570701
개봉로2길,11530,11530760,126.8578558,37.48908327
신목로6길,11470,11470630,126.8747069,37.52096188
신월로15길,11470,11470590,126.8410666,37.52008347
공원로6가길,11530,11530560,126.8901392,37.50377708
동호로10길,11140,11140645,127.0131962,37.55666215
동호로11길,11140,11140625,127.0069372,37.55184235
동호로15길,11140,11140625,127.0082277,37.55543725
상계로9가길,11350,11350640,127.0686673,37.6595269
한천로46길,11230,11230660,127.0712337,37.58177917
휘경로14길,11230,11230720,127.0634772,37.59342442
휘경로23길,11230,11230740,127.0662206,37.59699985
휘경로2길,11230,11230740,127.0605119,37.59511083
도봉로143길,11320,11320690,127.0392934,37.66227933
도봉로147길,11320,11320690,127.0407567,37.66463039
청룡길,11620,11620595,126.9465676,37.48071425
신림로64길,11620,11620695,126.9329508,37.48550969
성미산로32길,11440,11440710,126.9233173,37.56304408
성산로4길,11440,11440720,126.9083083,37.56361902
고무래로8길,11650,11650581,127.0104722,37.50065616
남부순환로317길,11650,11650530,127.0110123,37.48184307
남부순환로325길,11650,11650530,127.0135677,37.48286996
남부순환로339길,11650,11650510,127.0213469,37.48431042
논현로1길,11650,11650652,127.0485649,37.47155309
천호대로170길,11740,11740650,127.1319658,37.53298298
천호대로187길,11740,11740685,127.1424578,37.53507913
증산로17길,11380,11380632,126.9108341,37.59062375
갈현로33길,11380,11380552,126.9138784,37.62135876
갈현로41길,11380,11380551,126.9148141,37.62523369
석계로1길,11350,11350560,127.0627378,37.61639105
한글비석로22길,11350,11350624,127.0745048,37.66041533
고척로21나길,11530,11530740,126.8441917,37.5022838
고척로27길,11530,11530740,126.8461203,37.50488122
고척로27다길,11530,11530730,126.848472,37.50525367
방배로18길,11650,11650600,126.9964157,37.48587104
면목로55길,11260,11260565,127.0860677,37.58437316
창신5길,11110,11110680,127.0120673,37.57437586
창신길,11110,11110680,127.010279,37.57621406
뚝섬로48길,11215,11215830,127.0765483,37.53121188
뚝섬로54길,11215,11215830,127.0805853,37.52937115
뚝섬로58길,11215,11215830,127.0843314,37.53061192
뚝섬로64길,11215,11215830,127.0877045,37.53195195
면목로48길,11260,11260575,127.0915109,37.58235084
중앙로25길,11470,11470640,126.8522615,37.51635884
남현3길,11620,11620630,126.9784069,37.47551653
경인로15길,11530,11530770,126.8382114,37.49600476
경인로31길,11530,11530740,126.8500307,37.50058846
여의대방로61길,11560,11560630,126.9230611,37.51494853
영등포로25길,11560,11560550,126.8973288,37.52265957
영등포로27길,11560,11560550,126.8994789,37.52216587
영등포로35길,11560,11560535,126.9028392,37.52169115
종로65길,11110,11110710,127.019641,37.57596059
지봉로8길,11110,11110700,127.0165393,37.57641156
창경궁로35길,11110,11110650,127.0012454,37.58707147
은평로20길,11380,11380580,126.9337321,37.5993424
은평로3길,11380,11380625,126.9146047,37.60037526
다산로39길,11140,11140615,127.013673,37.56430255
강서로47길,11500,11500611,126.8316485,37.55315512
강서로47라길,11500,11500611,126.8329881,37.55130998
행운길,11620,11620575,126.9602484,37.47976458
호암로20길,11620,11620735,126.9342665,37.46794074
호암로24길,11620,11620735,126.9352933,37.47004066
영등포로84길,11560,11560630,126.9220353,37.51161414
신사로20길,11620,11620685,126.9175483,37.4879687
신원로3길,11620,11620655,126.9269963,37.48119033
양녕로6길,11620,11620615,126.9493355,37.48375187
은천로25길,11620,11620565,126.9490162,37.48771617
인헌길,11620,11620625,126.9674538,37.47172978
장군봉1길,11620,11620595,126.9423495,37.48192863
장군봉2길,11620,11620595,126.9388326,37.4826747
백제고분로33길,11710,11710600,127.0997856,37.50502039
백제고분로34길,11710,11710600,127.0994184,37.50097519
까치산로4길,11500,11500590,126.84556,37.54078541
남부순환로11길,11500,11500620,126.814406,37.55590435
가마산로61길,11560,11560650,126.9049171,37.50668212
경인로77길,11560,11560605,126.8935077,37.51301546
경인로80길,11560,11560605,126.8950595,37.51139504
경인로90길,11560,11560605,126.9014578,37.51407653
연서로11길,11380,11380560,126.9129426,37.60785226
연서로13길,11380,11380560,126.9137438,37.61037562
연서로16길,11380,11380625,126.918038,37.60880195
경인로35길,11530,11530740,126.8531651,37.4997004
경인로47길,11530,11530720,126.8654099,37.50118362
솔샘로6길,11290,11290640,127.0065461,37.60937082
아리랑로4길,11290,11290575,127.0176871,37.59532324
다산로33길,11140,11140615,127.0123371,37.56253675
다산로36길,11140,11140665,127.0194673,37.56123835
다산로38길,11140,11140665,127.0169324,37.56259925
한강대로52길,11170,11170625,126.9721682,37.53159381
한강대로62길,11170,11170625,126.9738306,37.53381065
한강대로7길,11170,11170625,126.9613786,37.52449989
한강대로88길,11170,11170530,126.9728083,37.54482965
한남대로20길,11170,11170685,127.0086667,37.53490344
모래내로7길,11440,11440730,126.9108496,37.56810793
방울내로9안길,11440,11440700,126.9007286,37.56077475
백범로16길,11440,11440600,126.9442805,37.54601796
성미산로11길,11440,11440720,126.9161188,37.5629671
성미산로1길,11440,11440720,126.9074633,37.56044685
도산대로89길,11680,11680565,127.0514739,37.52636907
등촌로13길,11500,11500570,126.8604703,37.53631699
국회대로56길,11560,11560535,126.9102141,37.52230066
만양로8길,11590,11590510,126.9464114,37.50937521
진황도로47길,11740,11740685,127.1408886,37.53692806
천중로39길,11740,11740600,127.1399506,37.54359657
천중로51길,11740,11740530,127.1447392,37.544672
천호대로162길,11740,11740650,127.1282137,37.53543783
당산로38길,11560,11560560,126.899459,37.52853594
안암로5길,11290,11290600,127.0233334,37.58215876
오패산로19길,11290,11290715,127.0337955,37.60973557
강서로45길,11500,11500560,126.8346144,37.54767224
강서로45다길,11500,11500560,126.8349822,37.54506887
은평로8길,11380,11380580,126.9184696,37.59727859
응암로12길,11380,11380600,126.9187523,37.58723272
응암로13길,11380,11380600,126.9153532,37.5893747
금호산길,11200,11200615,127.0189783,37.55196717
둘레9길,11200,11200650,127.0514364,37.53762259
뚝섬로5길,11200,11200670,127.0509192,37.54254227
마장로27길,11200,11200540,127.0357008,37.56780282
공릉로12가길,11260,11260620,127.0823795,37.6176764
자양로26길,11215,11215850,127.0864481,37.54126021
자양로45길,11215,11215770,127.0894849,37.55434946
방배로35길,11650,11650590,126.9885791,37.49234879
도신로60길,11560,11560630,126.9167202,37.5107005
도신로62길,11560,11560630,126.9187899,37.51082808
디지털로37길,11560,11560710,126.8977229,37.49084544
디지털로57길,11560,11560710,126.899779,37.49227079
디지털로74길,11560,11560700,126.9070354,37.49487162
남현2길,11620,11620630,126.9746197,37.47550676
증가로20가길,11410,11410720,126.9192801,37.58074593
당산로46길,11560,11560560,126.9043962,37.53375683
남현길,11620,11620630,126.9757847,37.47376806
당곡길,11620,11620525,126.9283777,37.49090404
대학14길,11620,11620735,126.9357836,37.46521151
대학길,11620,11620735,126.9372623,37.46762701
미성5길,11620,11620765,126.9148158,37.47458678
거마로20길,11710,11710550,127.148506,37.49835581
응암로14길,11380,11380600,126.919655,37.59004444
응암로22길,11380,11380600,126.9202402,37.59343256
수색로18길,11380,11380650,126.8948097,37.58453787
한강대로43길,11170,11170625,126.9691588,37.53159306
통일로12길,11110,11110580,126.9614998,37.57479366
방배로42길,11650,11650590,126.9904107,37.49446632
사임당로17길,11650,11650510,127.0178213,37.49313187
사평대로22길,11650,11650581,126.9972407,37.49806169
통일로87길,11380,11380551,126.9186105,37.62386687
통일로92길,11380,11380530,126.9219169,37.62503137
연서로34길,11380,11380530,126.9288191,37.62143179
양산길,11620,11620745,126.9323509,37.47367008
도림로12길,11530,11530540,126.8889883,37.48671094
화곡로20길,11500,11500540,126.8349848,37.53875287
화곡로31길,11500,11500615,126.8406078,37.54431976
화곡로44나길,11500,11500591,126.8488023,37.54892562
화곡로59길,11500,11500591,126.8496171,37.55456691
화곡로64길,11500,11500520,126.8558389,37.55591715
선유로55길,11560,11560620,126.8963805,37.53767843
선유서로24길,11560,11560610,126.8883119,37.52328209
백제고분로39길,11710,11710600,127.1041978,37.5060167
백제고분로42길,11710,11710580,127.1104503,37.50474961
백제고분로45길,11710,11710580,127.1095305,37.50991322
백제고분로46길,11710,11710580,127.1144356,37.50757497
백제고분로50길,11710,11710562,127.1174417,37.51328439
삼전로13길,11710,11710650,127.087279,37.50661607
봉은사로109길,11680,11680580,127.0618066,37.51755231
평창길,11110,11110560,126.9755926,37.6123868
필운대로1길,11110,11110530,126.9666151,37.57806583
광성로6길,11440,11440630,126.9386433,37.54824965
대흥로21길,11440,11440600,126.9430748,37.55419845
후암로28길,11170,11170510,126.9797323,37.54918287
송정12라길,11200,11200720,127.0681379,37.55135437
송정4가길,11200,11200720,127.0645824,37.54897774
아차산로11길,11200,11200690,127.0596911,37.54561958
아차산로15길,11200,11200690,127.0630856,37.54532049
아차산로5길,11200,11200690,127.0529602,37.54852401
왕십리로14길,11200,11200660,127.045741,37.54946407
왕십리로21길,11200,11200560,127.0314412,37.55935269
장승배기로10길,11590,11590540,126.9410994,37.50449824
디지털로27길,11530,11530595,126.8902023,37.48386489
디지털로32가길,11530,11530540,126.8979628,37.48074535
디지털로32길,11530,11530540,126.9004016,37.48326124
부일로11길,11530,11530790,126.8304159,37.49778683
부일로15길,11530,11530790,126.8334092,37.49423212
만양로14길,11590,11590510,126.947405,37.51180837
선유서로28길,11560,11560610,126.8880385,37.52458829
장승배기로19길,11590,11590520,126.9383483,37.50797472
장승배기로27길,11590,11590520,126.9386172,37.51112837
흑석로13길,11590,11590605,126.9598253,37.50982202
흑석로9길,11590,11590605,126.9581185,37.50796536
강남대로118길,11680,11680521,127.0281058,37.50810459
강남대로136길,11680,11680521,127.0244316,37.51312401
강남대로140길,11680,11680521,127.0224414,37.51467413
봉천로13길,11620,11620525,126.9314192,37.49118516
명륜길,11110,11110650,126.9949955,37.58872019
백석동길,11110,11110550,126.9677616,37.59711313
오패산로3길,11290,11290715,127.0351305,37.60671687
통일로78길,11380,11380530,126.9259105,37.61881714
장한로14길,11230,11230650,127.0698035,37.5656342
회나무로13길,11170,11170660,126.9908008,37.54075991
효창원로39길,11170,11170590,126.9582714,37.53801385
장한로25길,11230,11230650,127.06827,37.57203217
긴고랑로7길,11215,11215740,127.0796284,37.56575412
긴고랑로8길,11215,11215740,127.0771795,37.56188147
긴고랑로9길,11215,11215760,127.0824349,37.5652116
등촌로39길,11500,11500530,126.8603275,37.54613772
등촌로51길,11500,11500530,126.8611482,37.54903089
등촌로55길,11500,11500530,126.8614853,37.55032872
등촌로5길,11500,11500570,126.8625793,37.53384172
방화대로21길,11500,11500620,126.8128381,37.56284855
방화대로6라길,11500,11500620,126.8179166,37.55499981
공항대로38길,11500,11500615,126.8404206,37.55778942
공항대로42길,11500,11500615,126.8435004,37.55711779
대림로22길,11560,11560700,126.9036654,37.49497704
대림로29길,11560,11560720,126.8971636,37.49465621
대림로31길,11560,11560720,126.8964253,37.49708828
대림로34길,11560,11560720,126.8999953,37.49965022
대림로44길,11560,11560720,126.8982952,37.5024599
화곡로3길,11470,11470600,126.8275564,37.5413101
화곡로4길,11470,11470600,126.8281412,37.53794122
도봉로18길,11305,11305545,127.0305268,37.62044922
도봉로45길,11305,11305535,127.0252156,37.62417155
도봉로67길,11305,11305535,127.0222267,37.62977629
도봉로76길,11305,11305535,127.0253206,37.6331904
도봉로8길,11305,11305545,127.0326068,37.61093422
응암로34길,11380,11380580,126.9215156,37.59737976
도화4길,11440,11440585,126.9508821,37.53921835
자양로50길,11215,11215860,127.0943482,37.55194902
자양로53길,11215,11215770,127.0902565,37.55607878
자양번영로3길,11215,11215840,127.0735278,37.53147509
천호대로109길,11215,11215750,127.0818497,37.55795899
천호대로123길,11215,11215750,127.0872348,37.55612611
광나루로52길,11215,11215870,127.0920029,37.54049917
종암로19길,11290,11290705,127.032035,37.59805022
동광로1길,11650,11650590,126.9839198,37.49450165
증가로23나길,11410,11410720,126.9131564,37.57981356
증가로6길,11410,11410685,126.9278868,37.57807555
충정로4길,11410,11410565,126.9642799,37.56079306
충정로6길,11410,11410565,126.9672444,37.56281216
통일로11길,11410,11410520,126.9621931,37.56926178
통일로37길,11410,11410620,126.9445217,37.58699537
통일로39길,11410,11410620,126.9426529,37.58773329
홍연길,11410,11410615,126.9299719,37.57585135
홍제내길,11410,11410620,126.9368682,37.58665816
성지3길,11440,11440680,126.9153225,37.54651432
숭문8길,11440,11440610,126.9471281,37.55165952
숭문길,11440,11440610,126.9455463,37.54819897
도화길,11440,11440585,126.9499305,37.54086678
독막로22길,11440,11440655,126.9289013,37.54688367
독막로32길,11440,11440630,126.9373326,37.54583428
독막로8길,11440,11440680,126.9179699,37.54700273
동교로17길,11440,11440660,126.915492,37.55670473
계동길,11110,11110600,126.986403,37.58204315
난계로27길,11110,11110710,127.0225948,37.57321203
돈화문로11가길,11110,11110615,126.9884192,37.57566433
연서로3길,11380,11380625,126.9121224,37.60236463
연서로41길,11380,11380530,126.9269124,37.62520576
갈현로7길,11380,11380625,126.9083044,37.60366816
불광천길,11380,11380600,126.9162876,37.59420468
서오릉로21길,11380,11380560,126.9076236,37.61388484
서오릉로8길,11380,11380570,126.9235872,37.60906696
암사길,11740,11740570,127.1358241,37.5518275
낙성대역길,11620,11620625,126.9627719,37.47513421
난곡로24길,11620,11620775,126.921515,37.46835643
난곡로26길,11620,11620775,126.9227115,37.47000607
난곡로34길,11620,11620775,126.9210135,37.47230252
난곡로74길,11620,11620685,126.9149495,37.48631802
봉은사로29길,11680,11680531,127.0354696,37.50996769
봉은사로43길,11680,11680531,127.040458,37.51082204
봉은사로57길,11680,11680590,127.0444635,37.51345153
봉은사로68길,11680,11680590,127.0516893,37.51060142
삼성로115길,11680,11680590,127.0493277,37.51419744
삼성로147길,11680,11680565,127.0466067,37.52216341
삼성로57길,11680,11680600,127.0586009,37.49720024
중앙로15길,11530,11530730,126.8549605,37.50691066
서울 서초구 방배역,11650,11650600,126.99749,37.48269051
매봉역,11680,11680656,127.0434856,37.48510624
문정역,11710,11710641,127.1237084,37.48607663
양재역,11680,11680655,127.0360349,37.48589263
신대방삼거리역,11590,11590550,126.9280987,37.49891382
교대역_4,11650,11650531,127.0149609,37.49570014
대림역_1,11530,11530550,126.8908181,37.49583084
은마아파트입구사거리_1,11680,11680600,127.0605352,37.49792007
서울 영등포구 영등포시장역,11560,11560535,126.9090289,37.52014636
학동사거리_2,11680,11680565,127.0404416,37.52243598
서울 양천구 신정네거리역_2,11470,11470650,126.8536651,37.52164046
서울 영등포구 여의도역_1,11560,11560540,126.9292091,37.52054761
청담사거리_1,11680,11680565,127.0466641,37.52353291
청담사거리_2,11680,11680565,127.0489494,37.52376625
청담역_1,11680,11680565,127.0549554,37.52248418
청담역_2,11680,11680565,127.0564265,37.5231232
영등포유통상가,11560,11560550,126.8936864,37.52258427
청담사거리_3,11680,11680565,127.0494707,37.52510852
서울 영등포구 여의도역_2,11560,11560540,126.9256653,37.52368993
아현가구거리상점가,11410,11410555,126.9588036,37.5577369
영등포전통시장,11560,11560535,126.905379,37.5170981
영등포청과시장,11560,11560550,126.9007468,37.52144614
도림시장,11560,11560585,126.8984661,37.50983928
영일시장,11560,11560605,126.9010915,37.51739192
양남시장,11560,11560610,126.8911972,37.52286131
대신시장,11560,11560630,126.9175907,37.51107053
사러가시장,11560,11560650,126.9097469,37.50627145
봉일시장,11620,11620605,126.9386944,37.48585519
봉천현대시장,11620,11620605,126.9465974,37.48654379
봉천중앙시장,11620,11620615,126.9544683,37.48430358
인헌시장,11620,11620625,126.9657681,37.4744954
종암로21길,11290,11290705,127.0318324,37.60098751
용마산로94길,11260,11260575,127.0988436,37.5882194
중랑천로10길,11260,11260520,127.0744814,37.59156195
길음로7길,11290,11290660,127.0228872,37.60389978
돌곶이로14길,11290,11290810,127.0618024,37.60838175
돌곶이로22길,11290,11290810,127.0596408,37.61022089
연서로17길,11380,11380552,126.9146123,37.6135207
신사동 가로수길,11680,11680510,127.024061,37.52142232
오목교역,11470,11470510,126.8750505,37.52525101
서울 강동구 둔촌동역,11740,11740660,127.1344878,37.52613253
압구정 로데오거리_1,11680,11680565,127.0428528,37.52530933
서울 영등포구 영등포구청역,11560,11560550,126.8975279,37.52600246
서울 강남구 압구정역,11680,11680545,127.0305784,37.52507889
서울 종로구 종로3가역_3,11110,11110615,126.9939211,37.57373661
서울 종로구 경복궁역_1,11110,11110530,126.9710193,37.57684164
서울 종로구 안국역_1,11110,11110600,126.9868226,37.57829506
서울 종로구 안국역_2,11110,11110540,126.9843096,37.57746584
서울 종로구 경복궁역_2,11110,11110530,126.9730229,37.57744578
서울 동대문구 청량리역,11230,11230560,127.0468583,37.58070116
디지털미디어시티,11440,11440740,126.8900721,37.58034393
혜화역 대학로_1,11110,11110640,127.003136,37.58233221
신원시장,11620,11620655,126.9272324,37.4826411
동진시장,11440,11440710,126.9268041,37.56232549
마포농수산물시장,11440,11440730,126.8964351,37.56363623
인왕시장,11410,11410640,126.9432733,37.59089607
포방터시장,11410,11410660,126.9489405,37.59892649
모래내시장,11410,11410690,126.9154648,37.57078728
백련시장,11410,11410700,126.9231105,37.57697333
공덕시장,11440,11440555,126.9529041,37.54453507
마포시장,11440,11440555,126.9532206,37.54515689
아현시장,11440,11440555,126.9548771,37.55655516
신수시장,11440,11440630,126.9353302,37.54525656
서교시장,11440,11440660,126.9215391,37.55339323
영진시장,11440,11440660,126.9128476,37.55342317
합정시장,11440,11440680,126.9132157,37.54824271
망원시장,11440,11440690,126.9060651,37.55630116
청파로47나길,11170,11170555,126.9680094,37.54713501
청파로71길,11170,11170555,126.9670465,37.54948635
청파로73길,11170,11170555,126.9672944,37.55208129
자양로15길,11215,11215820,127.0813051,37.53583083
한림말3길,11200,11200645,127.0162151,37.54302066
한림말길,11200,11200645,127.0133519,37.54093971
광나루로12길,11215,11215710,127.0687227,37.54725449
압구정 로데오거리_2,11680,11680545,127.0371968,37.52611314
국회의사당역_1,11560,11560540,126.9173238,37.52745057
서울 용산구 신용산역,11170,11170625,126.9696234,37.52979118
국회의사당역_2,11560,11560540,126.9202068,37.52925456
용산 전자상가_1,11170,11170625,126.960369,37.5296713
용산구청,11170,11170650,126.9902814,37.53238056
용산 전자상가_2,11170,11170625,126.9659224,37.53308783
목동사거리,11470,11470540,126.8640752,37.53249195
한남오거리,11170,11170685,127.006234,37.53313764
혜화역 대학로_2,11110,11110650,126.9986867,37.5838369
혜화역 대학로_3,11110,11110650,127.0002604,37.58298998
서울 성북구 안암역,11290,11290600,127.0296408,37.58582438
경희대학교,11230,11230710,127.0521874,37.59237579
서울 성북구 성신여대입구역,11290,11290575,127.0177314,37.5912958
미아사거리_1,11290,11290715,127.0297966,37.60729497
서울 중구 을지로3가역_1,11140,11140605,126.9921674,37.56542933
동대문역사문화공원역,11140,11140590,127.0048218,37.56562771
서울 강동구 천호역_1,11740,11740650,127.1260331,37.53722416
망원월드컵시장,11440,11440700,126.9054063,37.55812966
신월7동골목시장,11470,11470611,126.8332211,37.52289279
신정제일시장,11470,11470620,126.8543339,37.52091148
신정2동골목시장,11470,11470630,126.8765279,37.521153
신정3동골목시장,11470,11470640,126.8530034,37.51872039
목2동시장,11470,11470520,126.8732727,37.54628747
목3동시장,11470,11470530,126.86494,37.54861182
동묘시장,11110,11110710,127.0186213,37.57248292
창동신창시장,11320,11320512,127.0370041,37.63970144
창동골목시장,11320,11320513,127.0391789,37.63856549
신도봉시장,11320,11320521,127.0416099,37.67027023
연서로21길,11380,11380552,126.9155957,37.61527834
연서로27길,11380,11380552,126.9169973,37.61788319
연서로28길,11380,11380570,126.9214958,37.61621043
연서로29길,11380,11380551,126.9176174,37.6205055
연서로33길,11380,11380530,126.9243556,37.62187951
증산로21길,11380,11380631,126.9124691,37.59641835
퇴계로56길,11140,11140580,127.004833,37.56239313
서울 용산구 이태원역,11170,11170650,126.994705,37.5339666
용산 전자상가_3,11170,11170570,126.9575614,37.53299502
서울 광진구 강변역,11215,11215870,127.0959458,37.53578381
당산역_1,11560,11560620,126.8994398,37.53440144
용산 전자상가_4,11170,11170560,126.9598344,37.53514921
용산 전자상가_5,11170,11170560,126.9645866,37.53464617
서울 강동구 길동역,11740,11740685,127.1381941,37.53603024
도산공원사거리_1,11680,11680545,127.0311535,37.5206458
당산역_2,11560,11560560,126.9008414,37.53545679
서울 강동구 천호역,11710,11710510,127.12298,37.53831759
서울시청,11140,11140550,126.979467,37.56783346
시청역_2,11140,11140520,126.9713977,37.56439899
동대문시장_1,11140,11140590,127.006882,37.56730346
서대문구 서대문역_1,11110,11110580,126.965997,37.56800154
종각역 젊음의 거리,11110,11110615,126.9854885,37.56928496
종각역,11110,11110615,126.9811304,37.56959068
서울 종로구 광화문역_1,11110,11110530,126.9748483,37.56912099
서울 종로구 종로3가역_1,11110,11110615,126.989971,37.56924939
백운시장,11320,11320660,127.0153103,37.6557888
쌍문역골목시장,11320,11320680,127.0325665,37.64842427
방학동도깨비시장,11320,11320700,127.0354301,37.66531686
공릉동도깨비시장,11350,11350595,127.0759054,37.62232983
상계시장,11350,11350665,127.0778528,37.66494511
상계중앙시장,11350,11350670,127.0699936,37.6597784
경창시장,11470,11470570,126.8424934,37.52475257
신월3동골목시장,11470,11470580,126.8265666,37.53389343
신곡종합시장,11470,11470610,126.8451649,37.51842206
신월6동골목시장,11470,11470610,126.8425867,37.51804023
명일골목시장,11740,11740530,127.1452911,37.54922136
광나루로24길,11215,11215710,127.0759292,37.54545709
광나루로36길,11215,11215850,127.0862134,37.54383724
광나루로37길,11215,11215860,127.0878903,37.54567404
광나루로40길,11215,11215850,127.0891319,37.54302417
퇴계로8길,11140,11140540,126.9789947,37.55665201
퇴계로90길,11140,11140650,127.0219807,37.56368862
녹사평대로11길,11170,11170690,126.99319,37.52177597
녹사평대로26길,11170,11170650,126.992465,37.53175903
영등포역_3,11560,11560535,126.9033177,37.51912369
여의도 시범아파트앞,11560,11560540,126.9386446,37.51902118
서울 강남구 역삼역_2,11680,11680640,127.0391646,37.50316394
서울 광진구 구의역,11215,11215850,127.0855165,37.53799026
건대입구역,11215,11215840,127.0716112,37.53849506
서울 광진구 건대입구역_1,11215,11215847,127.06789,37.54004698
서울 강동구 천호역_2,11740,11740610,127.1268515,37.53942172
서울 마포구 마포역_1,11440,11440585,126.9474532,37.53985658
장한평역_1,11230,11230650,127.0666085,37.56216721
서울 강서구 발산역,11500,11500535,126.8400205,37.55967196
왕십리역_2,11200,11200535,127.0345213,37.56277561
시청역_1,11140,11140520,126.9735718,37.56160641
미아사거리_2,11290,11290685,127.0284604,37.60785391
서울 은평구 불광역_1,11380,11380570,126.9293514,37.60949402
동대문시장_2,11110,11110630,127.0029318,37.57033998
서울 종로구 동대문역_1,11110,11110680,127.0103803,37.57199739
서울 은평구 불광역_2,11380,11380520,126.9307889,37.61037784
서울 은평구 불광역_3,11380,11380570,126.9285119,37.61102519
장위전통시장,11290,11290770,127.0512041,37.61154029
번동시장,11290,11290780,127.0479938,37.62131736
새석관시장,11290,11290810,127.0526741,37.60821499
석관시장,11290,11290810,127.0604099,37.60897713
석관황금시장,11290,11290810,127.0620188,37.60976015
번동북부골목시장,11305,11305590,127.0300572,37.63585621
수유전통시장,11305,11305610,127.0227936,37.6311637
밤나무골시장,11290,11290715,127.0355392,37.60879803
우이시장,11305,11305620,127.0198635,37.6464179
강북종합시장,11305,11305630,127.0256976,37.64232631
수유중앙시장,11305,11305630,127.0212441,37.64033602
녹사평대로32길,11170,11170650,126.9918765,37.53350693
녹사평대로40나길,11170,11170660,126.9889007,37.53510146
녹사평대로46길,11170,11170660,126.9884817,37.53788551
대사관로34길,11170,11170685,127.0058492,37.53114644
긴고랑로20길,11215,11215750,127.0839119,37.56004785
장한로5길,11230,11230650,127.0646983,37.56520463
장한로8길,11230,11230650,127.0685907,37.56382391
전농로29길,11230,11230560,127.0549524,37.58009401
장한평역_2,11230,11230650,127.0614369,37.56320616
서울 강서구 송정역,11500,11500620,126.8100579,37.56121331
남영역,11170,11170530,126.9718135,37.54221652
서울 용산구 숙대입구역,11170,11170520,126.9800742,37.5401459
공덕역,11440,11440555,126.9511724,37.54514705
서울 마포구 공덕역_2,11440,11440555,126.9524397,37.54533677
어린이대공원역,11215,11215730,127.0718465,37.54789234
서울 강북구 미아삼거리역_1,11305,11305545,127.0308067,37.61263758
서울 종로구 동대문역_2,11110,11110670,127.0128705,37.57134843
장안동사거리,11230,11230660,127.071439,37.57150771
동묘앞역,11110,11110670,127.0143312,37.57332144
서울 종로구 광화문역_2,11110,11110530,126.972221,37.57224686
서울 동대문구 신설동역_1,11230,11230536,127.0241686,37.57423885
신설동역,11110,11110710,127.0214291,37.57431146
장미원골목시장,11305,11305645,127.0143676,37.64500415
수유북부시장,11305,11305660,127.0160994,37.63632745
동북시장,11305,11305534,127.0191768,37.62016329
방천골목시장,11305,11305545,127.0332303,37.61231256
숭인시장,11305,11305555,127.0292554,37.61353896
솔샘시장,11305,11305575,127.019675,37.61937935
화곡중앙골목시장,11500,11500540,126.8391464,37.53455995
대원종합시장,11500,11500560,126.8364545,37.54452131
남부골목시장,11500,11500570,126.8601824,37.53298295
영동전통시장,11680,11680521,127.0241815,37.50917766
논현종합시장,11680,11680531,127.0343499,37.50989594
청담삼익시장,11680,11680565,127.0576816,37.52236575
전농로3길,11230,11230600,127.0565302,37.57055173
전농로4길,11230,11230610,127.0590852,37.56641491
제기로21길,11230,11230705,127.0412927,37.58881218
돌곶이로27길,11290,11290770,127.0537179,37.61089046
돌곶이로28길,11290,11290770,127.0577626,37.61260043
돌곶이로41길,11290,11290760,127.046281,37.6174438
서울 강동구 명일역,11740,11740530,127.1439044,37.55189902
등촌역,11470,11470530,126.8653901,37.54999086
서울 강동구 고덕역,11740,11740540,127.1545227,37.55343532
서울 중구 약수역_1,11140,11140635,127.0108079,37.55418465
서울 중구 약수역_2,11140,11140625,127.0098459,37.55431088
서울 마포구 홍대입구역_1,11440,11440660,126.9190708,37.55447276
강서구청,11500,11500591,126.850662,37.55268515
신촌역,11440,11440600,126.9357412,37.55425776
왕십리역_1,11200,11200560,127.0337159,37.55900968
서울 종로구 종로5가역_2,11110,11110630,126.9998189,37.57350251
종로구청,11110,11110615,126.980756,37.5729243
서울 종로구 종로5가역_3,11110,11110630,127.0047317,37.57261043
서울 종로구 종로5가역_4,11110,11110615,126.9968757,37.57353851
인사동,11110,11110615,126.985318,37.57309615
홍익대학교 주변,11440,11440660,126.9215178,37.55213182
암사종합시장,11740,11740570,127.1291343,37.55093401
양지골목시장,11740,11740590,127.1371549,37.55554708
고분다리골목시장,11740,11740600,127.1319825,37.5424795
동서울시장,11740,11740610,127.1281572,37.54208727
천호시장,11740,11740610,127.1276691,37.54114175
성내골목시장,11740,11740650,127.1275888,37.53386176
둔촌역전통시장,11740,11740660,127.1354636,37.52772618
정릉아리랑시장,11290,11290630,127.0115283,37.60219856
고덕전통시장,11740,11740560,127.1694371,37.5577937
정릉시장,11290,11290640,127.0084147,37.60826249
길음시장,11290,11290660,127.0220715,37.60294488
돌곶이로8길,11290,11290810,127.0633532,37.60742588
동소문로13길,11290,11290575,127.0123874,37.59282817
동소문로15길,11290,11290575,127.0153316,37.59401713
동소문로26가길,11290,11290575,127.020529,37.59429565
동소문로2길,11290,11290555,127.0091146,37.58920648
동소문로6길,11290,11290555,127.0075407,37.58847678
증산로5길,11380,11380640,126.9061551,37.58378159
증산로9길,11380,11380640,126.9076808,37.58594517
서울 중구 충무로역_1,11140,11140570,126.9960613,37.56066325
서울 중구 충무로역_2,11140,11140570,126.9927449,37.56280747
북창동,11140,11140520,126.9776121,37.56286864
서울 중구 신당역_1,11140,11140650,127.0177478,37.56469845
롯데백화점,11140,11140520,126.9806676,37.56458107
명동거리,11140,11140550,126.9842448,37.56265347
서울 동대문구 신설동역_2,11230,11230536,127.0251766,37.57577934
서울 종로구 종로3가역_2,11110,11110615,126.9897782,37.57209651
서울 마포구 홍대입구역_2,11440,11440660,126.9210935,37.55735732
서울 마포구 홍대입구역_3,11440,11440660,126.9233345,37.55731375
서울 서대문구 신촌역,11410,11410585,126.9369154,37.55757406
서울 서대문구 이대역,11410,11410585,126.944577,37.55815455
한양시장,11200,11200550,127.040111,37.55986363
장충동 족발거리,11140,11140580,127.0053421,37.56025775
서울 중구 명동역,11140,11140550,126.9850037,37.55970731
장한평역,11200,11200790,127.0609451,37.55702558
동일로101길,11260,11260520,127.077694,37.58860462
동일로112길,11260,11260590,127.0832026,37.59397078
상도로15길,11590,11590540,126.9350155,37.50368415
상도로37길,11590,11590530,126.9508845,37.50104285
바우뫼로39길,11650,11650651,127.0397185,37.48130531
반포대로9길,11650,11650530,127.0075074,37.48241999
목동중앙본로7길,11470,11470540,126.8669248,37.53973923
증산서길,11380,11380640,126.9037711,37.58000451
진흥로12길,11380,11380510,126.9277342,37.60706037
진흥로1길,11380,11380625,126.9187121,37.60336945
통일로69길,11380,11380570,126.9257147,37.61070812
두텁바위로1길,11170,11170530,126.9745729,37.54683927
서울 강남구 역삼역_1,11680,11680640,127.0351358,37.49756095
대림역_2,11530,11530560,126.8913687,37.49823703
역삼역_2,11680,11680650,127.039842,37.50099229
구로역,11530,11530560,126.8828252,37.50169774
선릉역_1,11680,11680650,127.0466514,37.5030531
서울 강남구 강남역_2,11650,11650531,127.0246086,37.50085228
석촌역,11710,11710600,127.1067971,37.5045998
서울 송파구 석촌역_1,11710,11710580,127.1083929,37.50538222
서울 동작구 노량진역,11590,11590510,126.9441354,37.51287005
서대문구 서대문역_2,11410,11410565,126.9653304,37.56540648
서울 중구 신당역_2,11140,11140615,127.014511,37.56674415
서울 중구 을지로3가역_2,11140,11140605,126.9918389,37.56737546
서울 강북구 미아삼거리역_2,11290,11290685,127.0288136,37.61324174
서울 은평구 연신내역_1,11380,11380570,126.9207237,37.61799387
서울 은평구 연신내역_2,11380,11380551,126.9191933,37.61911006
서울 강북구 수유역_1,11305,11305590,127.0259905,37.63755102
서울 강북구 수유역_2,11305,11305630,127.0246993,37.63867753
등나무근린공원 주변,11350,11350625,127.0683439,37.64048932
종로24길,11110,11110615,126.9935705,37.5694929
종로58가길,11110,11110710,127.0164139,37.57246522
국사봉2길,11590,11590680,126.9291519,37.49729264
국사봉길,11590,11590550,126.9322744,37.49581682
노량진로6길,11590,11590520,126.9358586,37.50964926
대방동27길,11590,11590660,126.924136,37.50341637
자하문로7길,11110,11110530,126.9703279,37.57908495
강서로29길,11500,11500540,126.8396232,37.53909263
강서로35길,11500,11500560,126.8361756,37.54267387
백범로79길,11170,11170580,126.9641424,37.54066472
백범로90길,11170,11170560,126.9692018,37.5370171
서빙고로71길,11170,11170690,126.995181,37.52222657
소월로20길,11170,11170520,126.9854481,37.54409307
신흥로20길,11170,11170510,126.9833993,37.54708411
제기로5길,11230,11230545,127.0355404,37.58764276
천장산로7길,11230,11230740,127.0562116,37.59845564
천호대로12길,11230,11230536,127.0291713,37.57212939
방이동 먹자골목,11710,11710562,127.1088919,37.51414853
학동역,11680,11680521,127.0292393,37.51434828
강남구 논현역_4,11650,11650540,127.0188441,37.51323315
잠실역,11710,11710710,127.1025141,37.5153706
서울 강남구 강남구청역_1,11680,11680531,127.0393974,37.51569683
서울 강남구 학동역_3,11680,11680531,127.0328593,37.51552764
서울 동작구 노량진1동_1,11590,11590510,126.9419283,37.51479713
서울 강남구 학동역_2,11680,11680531,127.0330963,37.51425716
강남구 신사역_1,11650,11650540,127.0174423,37.51647698
창동역,11320,11320514,127.049,37.65280638
서울 노원구 노원역_1,11350,11350695,127.0626902,37.65411533
서울 노원구 노원역_2,11350,11350695,127.0589057,37.65463985
서울 노원구 노원역_3,11350,11350640,127.0625105,37.6560165
서울 종로구 종로5가역_1,11110,11110630,127.0013923,37.5704211
서울 은평구 연신내역_3,11380,11380530,126.9204716,37.62069666
서울 강북구 수유역_3,11305,11305630,127.027204,37.64085736
구의시장,11215,11215860,127.0884672,37.54550242
동부시장,11230,11230600,127.0526,37.56730095
답십리시장,11230,11230610,127.0581966,37.57364133
전곡시장,11230,11230660,127.0688302,37.57808652
청량리청과물시장,11230,11230545,127.0431899,37.58011692
은행정로7길,11470,11470650,126.8573961,37.52268118
성대로29길,11590,11590560,126.9377552,37.50030685
신대방길,11590,11590670,126.9103557,37.48900863
양녕로26길,11590,11590560,126.9438649,37.49659777
증산로13길,11380,11380640,126.9112446,37.58813732
증산로15길,11380,11380632,126.9079702,37.58997283
천호대로17길,11230,11230536,127.032354,37.57627314
천호대로45길,11230,11230536,127.0428701,37.57523364
휘경로3길,11230,11230740,127.0630504,37.59750614
인촌로17가길,11290,11290600,127.0236747,37.58762772
인촌로1길,11290,11290610,127.0189873,37.58731322
개운사길,11290,11290600,127.0294832,37.58799582
인촌로24길,11290,11290600,127.0294815,37.58388729
서울 강남구 강남구청역_2,11680,11680531,127.0379727,37.51687761
영등포역_1,11560,11560535,126.9103672,37.51724615
강남구 신사역_2,11680,11680521,127.0235845,37.51689938
문래동 주민센터,11560,11560605,126.8986505,37.51570497
영등포역_2,11560,11560535,126.9087031,37.51829004
선릉역_2,11680,11680630,127.0530306,37.50406854
서울 송파구 석촌역_2,11710,11710580,127.1077155,37.50621177
서울 강남구 선릉역_1,11680,11680590,127.0501366,37.50596192
회기시장,11230,11230710,127.055572,37.59111286
이경시장,11230,11230720,127.066094,37.59470239
이문제일시장,11230,11230750,127.0624108,37.60455223
동부골목시장,11260,11260590,127.0769054,37.59243436
동원시장,11260,11260565,127.0907276,37.58990176
면목골목시장,11260,11260570,127.0848376,37.57790492
합동(새벽)시장,11140,11140680,126.9675965,37.56008223
마장축산물시장,11200,11200540,127.0403656,37.57020698
행당시장,11200,11200560,127.0333999,37.56095592
금남시장,11200,11200615,127.0222931,37.54854279
뚝도시장,11200,11200670,127.0545031,37.53821588
방학로15길,11320,11320710,127.0241735,37.65939125
방학로5길,11320,11320670,127.0376147,37.65973911
방학로6가길,11320,11320690,127.0373111,37.66443332
삼양로144길,11320,11320660,127.0138928,37.65090565
시루봉로23길,11320,11320521,127.0424615,37.67289178
방학로10길,11320,11320700,127.0337862,37.66426319
우이천로32길,11320,11320660,127.0253603,37.65019197
인촌로5길,11290,11290600,127.0205615,37.58906989
인촌로6길,11290,11290610,127.0213523,37.58293399
천호대로77길,11230,11230650,127.0626712,37.56389928
천호대로97길,11230,11230650,127.0704347,37.56275064
한천로14길,11230,11230650,127.0653904,37.56702426
한천로33길,11230,11230570,127.0670862,37.57736673
보국문로16길,11290,11290650,127.0102274,37.61256006
보문로13길,11290,11290610,127.0208421,37.58004189
서울 서초구 강남역,11680,11680640,127.0305463,37.50203121
고속터미널역,11650,11650581,127.0058584,37.50474704
서울 강남구 선릉역_2,11680,11680640,127.045318,37.50494573
삼성역_1,11680,11680610,127.0603613,37.50667794
서울 강남구 강남역,11680,11680640,127.0304873,37.49603053
오류동역,11530,11530770,126.8427923,37.49548837
은마아파트입구사거리_2,11680,11680610,127.0623568,37.49902736
성동용답상가시장,11200,11200790,127.0523484,37.56360698
동부청과시장,11230,11230536,127.0429732,37.57735995
용두시장,11230,11230536,127.0297624,37.57848126
청량리수산시장,11230,11230536,127.041502,37.57822543
경동시장,11230,11230545,127.0390233,37.57930747
동서시장,11230,11230545,127.0414123,37.57985627
서울약령시장,11230,11230545,127.0375077,37.58213708
청량리농수산물시장,11230,11230545,127.0411866,37.58107269
청량리전통시장,11230,11230545,127.0426355,37.58078385
청량리종합시장,11230,11230545,127.0403706,37.57944217
전농로터리시장,11230,11230560,127.056728,37.57770553
답십리현대시장,11230,11230610,127.0594816,37.56677511
한아름시장,11215,11215710,127.0698961,37.54353268
보문로32길,11290,11290575,127.0201317,37.59074581
삼선교로10길,11290,11290555,127.0096691,37.58680979
삼선교로10다길,11290,11290555,127.0087517,37.58469253
삼선교로16가길,11290,11290555,127.0115482,37.58440397
우사단로4길,11170,11170700,126.9985066,37.5307141
원효로19길,11170,11170570,126.9535901,37.53319175
원효로41길,11170,11170570,126.9567797,37.53482377
보문로26길,11290,11290600,127.0213536,37.58720469
보문로31길,11290,11290555,127.0156814,37.58816965
동작구 총신대입구역_1,11590,11590630,126.9808236,37.48597766
서울 관악구 신림역_4,11620,11620695,126.9302137,37.48643614
뱅뱅사거리_1,11680,11680655,127.0334695,37.48862344
뱅뱅사거리,11650,11650520,127.0298295,37.49098505
개봉동 현대아파트 인근,11530,11530760,126.8557969,37.48956732
교대역_1,11650,11650530,127.0115676,37.49079003
은마아파트입구사거리_3,11680,11680630,127.0597332,37.49906476
은마아파트입구사거리_4,11680,11680610,127.0618146,37.49975746
서울 강남구 한티역,11680,11680630,127.0535806,37.49817571
서울 광진구 건대입구역_2,11215,11215710,127.0696001,37.54169481
서울 마포구 마포역_2,11440,11440590,126.9451897,37.54054031
서울 마포구 공덕역_1,11440,11440565,126.9515925,37.54293977
삼정역_1,11680,11680640,127.0364411,37.50754369
삼정역_2,11680,11680531,127.0352201,37.50844507
삼성역_2,11680,11680610,127.0651356,37.50835127
화양제일골목시장,11215,11215710,127.068979,37.54295658
중곡제일시장,11215,11215740,127.0812223,37.5638159
면곡골목시장,11215,11215760,127.0807547,37.57106923
신성골목시장,11215,11215770,127.0883686,37.55788221
자양골목시장,11215,11215820,127.0796741,37.53425519
자양종합시장,11215,11215830,127.0764019,37.53185168
노룬산골목시장,11215,11215847,127.0649678,37.53659779
능동로골목시장,11215,11215840,127.0667428,37.53511015
영동교골목시장,11215,11215847,127.0639733,37.53803093
남대문시장,11140,11140540,126.9783939,37.55986846
신중부시장,11140,11140590,127.0002603,37.56560078
인현시장,11140,11140590,126.9950651,37.56325808
평화시장,11140,11140590,127.0080368,37.56887112
원효로53길,11170,11170590,126.9624469,37.53733049
원효로89길,11170,11170560,126.9687022,37.5412787
이촌로22길,11170,11170640,126.9556649,37.52582236
이태원로27길,11170,11170650,126.993811,37.53597579
아차산로51길,11215,11215850,127.0846587,37.539901
아차산로55길,11215,11215850,127.0874981,37.53934932
아차산로65길,11215,11215870,127.0927072,37.5427331
보라매공원,11590,11590680,126.9250417,37.49117227
뱅뱅사거리_2,11680,11680640,127.0324871,37.49169615
서울 강남구 대치역_1,11680,11680600,127.061764,37.49328826
관악구 사당역_2,11590,11590620,126.9805656,37.47816587
가산디지털단지역_2,11545,11545510,126.8800183,37.48187277
관악구 사당역_1,11650,11650610,126.9831885,37.47817528
서울 관악구 서울대입구역_1,11620,11620595,126.9523789,37.48073476
구로디지털단지역,11530,11530595,126.8883639,37.48080875
강남구 논현역_1,11650,11650560,127.0219414,37.50677241
신천역,11710,11710650,127.0817071,37.51020605
선정릉역_1,11680,11680590,127.0468371,37.51066651
강남구 논현역_2,11680,11680521,127.0249729,37.50806926
신도림역,11530,11530510,126.8900534,37.50830905
잠실역 롯데월드,11710,11710680,127.0980749,37.51137391
방산종합시장,11140,11140605,127.0001245,37.56803347
통인시장,11110,11110515,126.9699084,37.5806796
광장시장,11110,11110615,126.9994114,37.56997061
동대문종합시장,11110,11110630,127.0080935,37.57042083
종로신진시장,11110,11110630,127.0052976,37.57036693
충신시장,11110,11110630,127.0057167,37.57410604
동문시장,11110,11110670,127.0111272,37.57053771
창신골목시장,11110,11110680,127.0115237,37.57285323
신설종합시장,11110,11110710,127.0209872,37.57266272
후암시장,11170,11170510,126.9762804,37.55063283
신흥시장,11170,11170520,126.9850632,37.54525531
만리시장,11170,11170555,126.9636734,37.55128735
용문전통시장,11170,11170590,126.9602636,37.53654591
이촌종합시장,11170,11170630,126.9747628,37.52060217
이태원시장,11170,11170650,126.9893987,37.53389416
아차산로78길,11215,11215810,127.1078297,37.54628822
용마산로21길,11215,11215750,127.0850693,37.56270496
용마산로3길,11215,11215750,127.0848813,37.5565603
자양로11길,11215,11215820,127.082887,37.53391961
장월로1길,11290,11290725,127.0448697,37.60613693
장위로50길,11290,11290780,127.0570619,37.61465503
정릉로26길,11290,11290630,127.0115738,37.60382034
가산디지털단지역_3,11545,11545510,126.8864341,37.47843726
서울 관악구 서울대입구역_2,11620,11620575,126.9548417,37.48387124
양재역_1,11650,11650651,127.0317592,37.48195645
서울 금천구 시흥1동_4,11545,11545670,126.9015155,37.45294317
양재 화물트럭터미널앞_1,11650,11650652,127.0357295,37.46195288
양재 화물트럭터미널앞_2,11650,11650652,127.0369515,37.46448435
양재동 꽃시장,11650,11650652,127.0400951,37.46679893
서울 금천구 독산1동_1,11545,11545610,126.8964739,37.47001303
서울 관악구 대학동_1,11620,11620735,126.9397583,37.47045749
포스코사거리_1,11680,11680590,127.0540067,37.50896056
포스코사거리_2,11680,11680580,127.0562468,37.50973437
강남구 논현역_3,11680,11680521,127.0218411,37.51210638
선정릉역_2,11680,11680590,127.0462045,37.51196421
서울 강남구 학동역_1,11680,11680521,127.0294761,37.51261829
코엑스,11680,11680580,127.0597541,37.51107515
삼성역_3,11680,11680580,127.063883,37.51170369
서울 강남구 대치역_2,11680,11680600,127.0597061,37.49350556
서울 서초구 서초역,11650,11650530,127.0089446,37.49331308
서울 송파구 가락시장역,11710,11710620,127.1191868,37.49393806
이태원제일시장,11170,11170660,126.9877913,37.53914684
보광시장,11170,11170700,127.0003733,37.52702
남평화시장,11140,11140615,127.01081,37.56916823
동평화시장,11140,11140615,127.0130739,37.56924909
제일평화시장,11140,11140615,127.0115683,37.56837528
청평화시장,11140,11140615,127.0150096,37.56959124
약수시장,11140,11140635,127.0105587,37.55277912
백학시장,11140,11140650,127.0194001,37.56369808
서울중앙시장,11140,11140670,127.0196386,37.56695965
조양시장,11215,11215847,127.0674817,37.53891195
연서시장,11380,11380530,126.9216735,37.61957123
갈현시장,11380,11380551,126.9174099,37.6237399
역촌중앙시장,11380,11380552,126.9162209,37.61327859
대조시장,11380,11380570,126.9268598,37.60950151
해등로16길,11320,11320515,127.0426669,37.65547575
공릉로58길,11350,11350611,127.0739707,37.63615219
정릉로27길,11290,11290630,127.0128654,37.60697367
정릉로8길,11290,11290640,126.9979275,37.60714554
종암로16길,11290,11290705,127.0369496,37.598247
우이천로4다길,11320,11320513,127.0403101,37.63521345
관악구 사당역_3,11620,11620630,126.9809732,37.47552598
포이사거리_2,11650,11650652,127.0441703,37.47659146
포이사거리_1,11680,11680690,127.0461038,37.47700518
장지역,11710,11710642,127.1220432,37.47724848
가산디지털단지역_1,11545,11545510,126.8845673,37.47198422
구로디지탈1단지,11530,11530540,126.8950868,37.48380626
서울 서초구 남부터미널역_2,11650,11650530,127.0136927,37.48642893
서울 관악구 신림역_3,11620,11620695,126.9285299,37.48548907
서울 강남구 수서역,11680,11680750,127.1033808,37.48763689
교대역_2,11650,11650510,127.0159668,37.49326729
역삼역_1,11680,11680640,127.0372262,37.49411846
교대역_3,11650,11650530,127.0120431,37.49424084
가락시장,11710,11710631,127.1134878,37.49406981
방배동카페골목,11650,11650590,126.986385,37.49467315
서울 강남구 강남역_1,11650,11650520,127.0273208,37.49534653
서울 광진구 군자역,11215,11215730,127.078487,37.55666383
학동사거리_1,11680,11680531,127.0364932,37.52150924
길동복조리시장,11740,11740685,127.1436749,37.53844739
사가정시장,11260,11260575,127.0904454,37.58126146
중화제일시장,11260,11260630,127.0754459,37.60481491
태능시장,11260,11260610,127.0765377,37.59826401
묵1동도깨비시장,11260,11260620,127.0809515,37.61687551
우림골목시장,11260,11260655,127.0980521,37.59766245
유영시장,11260,11260660,127.0968439,37.59157275
돈암제일시장,11290,11290555,127.0158746,37.59189072
영천시장,11410,11410520,126.9612983,37.57045981
동일로173가길,11350,11350595,127.0724389,37.6220437
동일로192길,11350,11350595,127.0755691,37.62581687
동일로242길,11350,11350630,127.058661,37.67488501
이태원로54길,11170,11170685,127.0013691,37.53654357
장문로45길,11170,11170700,127.0004638,37.52870487
청파로47길,11170,11170555,126.96792,37.54454911
서울 서초구 남부터미널역_3,11650,11650510,127.0161916,37.48678
동작구 총신대입구역_2,11650,11650621,126.9830284,37.48591493
양재역_3,11650,11650520,127.0311506,37.48651571
양재역_2,11650,11650651,127.0363617,37.48365803
서울 관악구 신림역_1,11620,11620645,126.9288376,37.48295743
서울 관악구 신림역_2,11620,11620645,126.930805,37.48284146
서울 서초구 남부터미널역_1,11650,11650510,127.0187803,37.48431987
